{
 "aggregate_function_based_on": "",
 "color": "#449CF0",
 "creation": "2023-06-08 19:23:43.868099",
 "docstatus": 0,
 "doctype": "Number Card",
 "document_type": "Case",
 "dynamic_filters_json": "[]",
 "filters_json": "[[\"Case\",\"status\",\"=\",\"Closed\",false]]",
 "function": "Count",
 "idx": 0,
 "is_public": 1,
 "is_standard": 1,
 "label": "Closed Cases",
 "modified": "2023-06-08 19:23:43.868099",
 "modified_by": "hussain@frappe.io",
 "module": "Frappe Changemakers",
 "name": "Closed Cases",
 "owner": "hussain@frappe.io",
 "parent_document_type": "",
 "report_function": "Sum",
 "show_percentage_stats": 1,
 "stats_time_interval": "Monthly",
 "type": "Document Type"
}