{
 "actions": [],
 "allow_rename": 1,
 "creation": "2023-10-25 11:26:26.480898",
 "doctype": "DocType",
 "editable_grid": 1,
 "engine": "InnoDB",
 "field_order": [
  "medical_condition"
 ],
 "fields": [
  {
   "fieldname": "medical_condition",
   "fieldtype": "Link",
   "in_list_view": 1,
   "label": "Medical Condition",
   "options": "Health Condition",
   "reqd": 1
  }
 ],
 "index_web_pages_for_search": 1,
 "istable": 1,
 "links": [],
 "modified": "2023-10-25 11:33:31.206136",
 "modified_by": "Administrator",
 "module": "Frappe Changemakers",
 "name": "Medical Conditions Multiselect",
 "owner": "Administrator",
 "permissions": [],
 "sort_field": "modified",
 "sort_order": "DESC",
 "states": []
}