{
 "actions": [],
 "allow_rename": 1,
 "creation": "2023-06-18 17:59:40.404909",
 "doctype": "DocType",
 "editable_grid": 1,
 "engine": "InnoDB",
 "field_order": [
  "beneficiary",
  "hotspot",
  "age",
  "gender"
 ],
 "fields": [
  {
   "fieldname": "beneficiary",
   "fieldtype": "Link",
   "in_list_view": 1,
   "label": "Beneficiary",
   "options": "Beneficiary"
  },
  {
   "fetch_from": "beneficiary.age",
   "fieldname": "age",
   "fieldtype": "Data",
   "in_list_view": 1,
   "label": "Age",
   "read_only": 1
  },
  {
   "fetch_from": "beneficiary.gender",
   "fieldname": "gender",
   "fieldtype": "Data",
   "label": "Gender",
   "read_only": 1
  },
  {
   "fetch_from": "beneficiary.habitation",
   "fieldname": "hotspot",
   "fieldtype": "Data",
   "in_list_view": 1,
   "label": "Hotspot",
   "read_only": 1
  }
 ],
 "index_web_pages_for_search": 1,
 "istable": 1,
 "links": [],
 "modified": "2023-06-27 12:38:54.037055",
 "modified_by": "Administrator",
 "module": "Frappe Changemakers",
 "name": "Health Camp Attendee",
 "owner": "Administrator",
 "permissions": [],
 "sort_field": "modified",
 "sort_order": "DESC",
 "states": []
}