{
 "actions": [],
 "allow_rename": 1,
 "creation": "2022-12-27 12:25:27.311538",
 "default_view": "List",
 "doctype": "DocType",
 "editable_grid": 1,
 "engine": "InnoDB",
 "field_order": [
  "type"
 ],
 "fields": [
  {
   "fieldname": "type",
   "fieldtype": "Link",
   "in_list_view": 1,
   "label": "Type",
   "options": "Income Source Type",
   "reqd": 1
  }
 ],
 "index_web_pages_for_search": 1,
 "istable": 1,
 "links": [],
 "modified": "2023-02-03 16:12:16.586374",
 "modified_by": "Administrator",
 "module": "Frappe Changemakers",
 "name": "Shelter Income Source",
 "owner": "Administrator",
 "permissions": [],
 "sort_field": "modified",
 "sort_order": "DESC",
 "states": []
}