{
 "actions": [],
 "autoname": "autoincrement",
 "creation": "2022-12-26 13:49:39.441491",
 "doctype": "DocType",
 "editable_grid": 1,
 "engine": "InnoDB",
 "field_order": [
  "service_type",
  "comment"
 ],
 "fields": [
  {
   "allow_in_quick_entry": 1,
   "fieldname": "service_type",
   "fieldtype": "Select",
   "in_list_view": 1,
   "in_preview": 1,
   "label": "Service Type",
   "options": "Shelter\nMedical\nFood\nEntitlement\nLegal\nOther",
   "reqd": 1
  },
  {
   "allow_in_quick_entry": 1,
   "fieldname": "comment",
   "fieldtype": "Text",
   "in_list_view": 1,
   "in_standard_filter": 1,
   "label": "Comment",
   "reqd": 1
  }
 ],
 "index_web_pages_for_search": 1,
 "istable": 1,
 "links": [],
 "modified": "2023-02-03 16:12:16.873813",
 "modified_by": "Administrator",
 "module": "Frappe Changemakers",
 "name": "Case Followup",
 "naming_rule": "Autoincrement",
 "owner": "Administrator",
 "permissions": [],
 "sort_field": "modified",
 "sort_order": "DESC",
 "states": []
}