{
 "actions": [],
 "allow_rename": 1,
 "creation": "2023-10-25 11:40:09.332361",
 "doctype": "DocType",
 "editable_grid": 1,
 "engine": "InnoDB",
 "field_order": [
  "column_break_cnwn",
  "date",
  "column_break_enyy",
  "time",
  "column_break_gbfc",
  "category",
  "column_break_xiza",
  "description"
 ],
 "fields": [
  {
   "columns": 1,
   "fieldname": "date",
   "fieldtype": "Date",
   "in_list_view": 1,
   "label": "Date",
   "reqd": 1
  },
  {
   "fieldname": "column_break_enyy",
   "fieldtype": "Column Break"
  },
  {
   "columns": 1,
   "fieldname": "time",
   "fieldtype": "Time",
   "in_list_view": 1,
   "label": "Time",
   "reqd": 1
  },
  {
   "fieldname": "column_break_gbfc",
   "fieldtype": "Column Break"
  },
  {
   "columns": 2,
   "fieldname": "category",
   "fieldtype": "Select",
   "in_list_view": 1,
   "label": "Category",
   "options": "\nTest\nMedication"
  },
  {
   "fieldname": "column_break_xiza",
   "fieldtype": "Column Break"
  },
  {
   "columns": 6,
   "fieldname": "description",
   "fieldtype": "Text",
   "in_list_view": 1,
   "label": "Description",
   "width": "6"
  },
  {
   "fieldname": "column_break_cnwn",
   "fieldtype": "Column Break"
  }
 ],
 "index_web_pages_for_search": 1,
 "istable": 1,
 "links": [],
 "modified": "2023-10-27 12:34:40.538519",
 "modified_by": "Administrator",
 "module": "Frappe Changemakers",
 "name": "Care Centre Admission Detail",
 "owner": "Administrator",
 "permissions": [],
 "sort_field": "modified",
 "sort_order": "DESC",
 "states": []
}