{
 "actions": [],
 "allow_rename": 1,
 "creation": "2023-10-14 12:40:57.317152",
 "default_view": "List",
 "doctype": "DocType",
 "editable_grid": 1,
 "engine": "InnoDB",
 "field_order": [
  "payment_type",
  "payment_details",
  "amount"
 ],
 "fields": [
  {
   "fieldname": "payment_type",
   "fieldtype": "Link",
   "in_list_view": 1,
   "label": "Payment Type",
   "options": "Payment Type",
   "reqd": 1
  },
  {
   "fieldname": "payment_details",
   "fieldtype": "Data",
   "in_list_view": 1,
   "label": "Payment Details"
  },
  {
   "fieldname": "amount",
   "fieldtype": "Int",
   "in_list_view": 1,
   "label": "Amount",
   "reqd": 1
  }
 ],
 "index_web_pages_for_search": 1,
 "istable": 1,
 "links": [],
 "modified": "2023-10-15 10:12:31.178405",
 "modified_by": "Administrator",
 "module": "Frappe Changemakers",
 "name": "Payment Details",
 "owner": "Administrator",
 "permissions": [],
 "quick_entry": 1,
 "sort_field": "modified",
 "sort_order": "DESC",
 "states": []
}