{
 "based_on": "rescued_at",
 "chart_name": "Rescues Per Week",
 "chart_type": "Count",
 "color": "#761ACB",
 "creation": "2023-06-08 19:35:12.122440",
 "docstatus": 0,
 "doctype": "Dashboard Chart",
 "document_type": "Rescue",
 "dynamic_filters_json": "[]",
 "filters_json": "[]",
 "group_by_type": "Count",
 "idx": 0,
 "is_public": 1,
 "is_standard": 1,
 "modified": "2023-06-08 19:35:12.122440",
 "modified_by": "hussain@frappe.io",
 "module": "Frappe Changemakers",
 "name": "Rescues Per Week",
 "number_of_groups": 0,
 "owner": "hussain@frappe.io",
 "parent_document_type": "",
 "roles": [],
 "source": "",
 "time_interval": "Yearly",
 "timeseries": 1,
 "timespan": "Last Year",
 "type": "Line",
 "use_report_chart": 0,
 "value_based_on": "",
 "y_axis": []
}