{
 "actions": [],
 "allow_rename": 1,
 "creation": "2023-02-17 20:14:16.299111",
 "doctype": "DocType",
 "editable_grid": 1,
 "engine": "InnoDB",
 "field_order": [
  "criterion"
 ],
 "fields": [
  {
   "fieldname": "criterion",
   "fieldtype": "Link",
   "label": "Criterion",
   "options": "Shelter Home Admission Criterion"
  }
 ],
 "index_web_pages_for_search": 1,
 "istable": 1,
 "links": [],
 "modified": "2023-02-17 20:15:42.781001",
 "modified_by": "Administrator",
 "module": "Frappe Changemakers",
 "name": "Admission Criterion",
 "owner": "Administrator",
 "permissions": [],
 "sort_field": "modified",
 "sort_order": "DESC",
 "states": []
}