{
 "charts": [],
 "content": "[{\"id\":\"CecwNbV5Aq\",\"type\":\"header\",\"data\":{\"text\":\"<span class=\\\"h4\\\">Frappe Changemakers</span>\",\"col\":12}},{\"id\":\"I9e4OurK7Y\",\"type\":\"paragraph\",\"data\":{\"text\":\"&nbsp;Manage Beneficiaries\",\"col\":12}},{\"id\":\"JhoJIvxYwo\",\"type\":\"shortcut\",\"data\":{\"shortcut_name\":\"New Beneficiary\",\"col\":3}},{\"id\":\"PMA7sL0zHl\",\"type\":\"shortcut\",\"data\":{\"shortcut_name\":\"All Beneficiaries\",\"col\":3}},{\"id\":\"j_2-NL3927\",\"type\":\"paragraph\",\"data\":{\"text\":\"Daily Visit Update\",\"col\":12}},{\"id\":\"arnB4anEZl\",\"type\":\"shortcut\",\"data\":{\"shortcut_name\":\"New Daily Visit Update\",\"col\":3}},{\"id\":\"lB7YAlkP4m\",\"type\":\"shortcut\",\"data\":{\"shortcut_name\":\"All Daily Visit Update List\",\"col\":3}},{\"id\":\"K20J6BDf9I\",\"type\":\"shortcut\",\"data\":{\"shortcut_name\":\"Daily Visit Report View\",\"col\":3}},{\"id\":\"GlS-4ygjkT\",\"type\":\"paragraph\",\"data\":{\"text\":\"Rescues\",\"col\":12}},{\"id\":\"W7ZBgFg0CJ\",\"type\":\"shortcut\",\"data\":{\"shortcut_name\":\"New Rescue\",\"col\":3}},{\"id\":\"TEcaVdnIhr\",\"type\":\"shortcut\",\"data\":{\"shortcut_name\":\"All Rescues\",\"col\":3}},{\"id\":\"g2frCR54Gw\",\"type\":\"paragraph\",\"data\":{\"text\":\"Cases\",\"col\":12}},{\"id\":\"YY4UpDO22w\",\"type\":\"shortcut\",\"data\":{\"shortcut_name\":\"My Cases\",\"col\":3}},{\"id\":\"o-NQxJOqB9\",\"type\":\"shortcut\",\"data\":{\"shortcut_name\":\"New Case\",\"col\":3}},{\"id\":\"1X_H_JUulh\",\"type\":\"shortcut\",\"data\":{\"shortcut_name\":\"Open Cases\",\"col\":3}},{\"id\":\"2faOuV0vIj\",\"type\":\"paragraph\",\"data\":{\"text\":\"Entitlements\",\"col\":12}},{\"id\":\"xllISW0jRt\",\"type\":\"shortcut\",\"data\":{\"shortcut_name\":\"Entitlements\",\"col\":3}},{\"id\":\"wjYeZ-C3Yj\",\"type\":\"paragraph\",\"data\":{\"text\":\"Food\",\"col\":12}},{\"id\":\"mB90BbrugG\",\"type\":\"shortcut\",\"data\":{\"shortcut_name\":\"New Distribution\",\"col\":3}},{\"id\":\"2Dxn3AA-OY\",\"type\":\"shortcut\",\"data\":{\"shortcut_name\":\"All Distributions\",\"col\":3}},{\"id\":\"2qZW9NgrCQ\",\"type\":\"paragraph\",\"data\":{\"text\":\"Healthcare\",\"col\":12}},{\"id\":\"JYx1hK5EYf\",\"type\":\"shortcut\",\"data\":{\"shortcut_name\":\"Hospitalisation Record\",\"col\":3}},{\"id\":\"aGZflLrU8F\",\"type\":\"shortcut\",\"data\":{\"shortcut_name\":\"Healthcare Providers\",\"col\":3}},{\"id\":\"cAplmOLdjf\",\"type\":\"paragraph\",\"data\":{\"text\":\"Care Centre\",\"col\":12}},{\"id\":\"ObebyzwyH1\",\"type\":\"shortcut\",\"data\":{\"shortcut_name\":\"Care Centre\",\"col\":3}},{\"id\":\"scHLTq6_3v\",\"type\":\"shortcut\",\"data\":{\"shortcut_name\":\"Care Centre Admission\",\"col\":3}},{\"id\":\"SMiDbH7oHO\",\"type\":\"paragraph\",\"data\":{\"text\":\"Shelter Services\",\"col\":12}},{\"id\":\"_zTFcA698A\",\"type\":\"quick_list\",\"data\":{\"quick_list_name\":\"Shelter Homes\",\"col\":4}},{\"id\":\"ZMLz_em53Q\",\"type\":\"shortcut\",\"data\":{\"shortcut_name\":\"Create Entry Record\",\"col\":3}},{\"id\":\"j51o5hQMDV\",\"type\":\"shortcut\",\"data\":{\"shortcut_name\":\"Create Exit Record\",\"col\":3}},{\"id\":\"hIEZu5hDaF\",\"type\":\"spacer\",\"data\":{\"col\":12}},{\"id\":\"2QJ1oA29Tv\",\"type\":\"paragraph\",\"data\":{\"text\":\"Others\",\"col\":12}},{\"id\":\"a3oRewN8WJ\",\"type\":\"shortcut\",\"data\":{\"shortcut_name\":\"Family Reintegrations\",\"col\":3}},{\"id\":\"AtcrGpwYkn\",\"type\":\"shortcut\",\"data\":{\"shortcut_name\":\"Awareness Camps\",\"col\":3}},{\"id\":\"vOv18I4R0A\",\"type\":\"shortcut\",\"data\":{\"shortcut_name\":\"Health Camps\",\"col\":3}}]",
 "creation": "2022-10-13 13:51:43.725589",
 "custom_blocks": [],
 "docstatus": 0,
 "doctype": "Workspace",
 "for_user": "",
 "hide_custom": 0,
 "icon": "users",
 "idx": 0,
 "is_hidden": 0,
 "label": "Changemakers",
 "links": [],
 "modified": "2023-10-27 19:23:52.631875",
 "modified_by": "Administrator",
 "module": "Frappe Changemakers",
 "name": "Changemakers",
 "number_cards": [],
 "owner": "Administrator",
 "parent_page": "",
 "public": 1,
 "quick_lists": [
  {
   "document_type": "Shelter Home",
   "label": "Shelter Homes"
  }
 ],
 "roles": [],
 "sequence_id": 1.0,
 "shortcuts": [
  {
   "color": "Grey",
   "doc_view": "New",
   "label": "New Daily Visit Update",
   "link_to": "Daily Visit Update",
   "type": "DocType"
  },
  {
   "color": "Grey",
   "doc_view": "List",
   "label": "Care Centre",
   "link_to": "Care Centre",
   "stats_filter": "[]",
   "type": "DocType"
  },
  {
   "color": "Grey",
   "doc_view": "List",
   "label": "Care Centre Admission",
   "link_to": "Care Centre Admission",
   "stats_filter": "[]",
   "type": "DocType"
  },
  {
   "color": "Grey",
   "doc_view": "New",
   "label": "New Case",
   "link_to": "Case",
   "type": "DocType"
  },
  {
   "color": "Grey",
   "doc_view": "List",
   "label": "Daily Visit Report View",
   "link_to": "Daily Visit Update Report View",
   "type": "Report"
  },
  {
   "color": "Grey",
   "doc_view": "List",
   "label": "All Daily Visit Update List",
   "link_to": "Daily Visit Update",
   "type": "DocType"
  },
  {
   "color": "Grey",
   "doc_view": "New",
   "label": "New Beneficiary",
   "link_to": "Beneficiary",
   "type": "DocType"
  },
  {
   "color": "Grey",
   "doc_view": "List",
   "label": "My Cases",
   "link_to": "My Cases",
   "type": "Report"
  },
  {
   "color": "Green",
   "doc_view": "List",
   "format": "{}",
   "label": "All Beneficiaries",
   "link_to": "Beneficiary",
   "stats_filter": "{\"name\":[\"is\",\"set\"]}",
   "type": "DocType"
  },
  {
   "color": "Cyan",
   "doc_view": "List",
   "format": "{}",
   "label": "Healthcare Providers",
   "link_to": "Healthcare Provider",
   "stats_filter": "{\"name\":[\"is\",\"set\"]}",
   "type": "DocType"
  },
  {
   "color": "Green",
   "doc_view": "List",
   "format": "{}",
   "label": "Hospitalisation Record",
   "link_to": "Hospitalisation Record",
   "stats_filter": "{\"name\":[\"is\",\"set\"]}",
   "type": "DocType"
  },
  {
   "color": "Cyan",
   "doc_view": "New",
   "label": "Create Entry Record",
   "link_to": "Shelter Home Admission Record",
   "type": "DocType"
  },
  {
   "color": "Grey",
   "doc_view": "New",
   "label": "New Rescue",
   "link_to": "Rescue",
   "type": "DocType"
  },
  {
   "color": "Green",
   "doc_view": "List",
   "format": "{} Requests",
   "label": "Entitlements",
   "link_to": "Entitlement Request",
   "type": "DocType"
  },
  {
   "color": "Green",
   "doc_view": "List",
   "label": "Family Reintegrations",
   "link_to": "Family Reintegration",
   "type": "DocType"
  },
  {
   "color": "Green",
   "doc_view": "List",
   "format": "{}",
   "label": "All Distributions",
   "link_to": "Food Distribution Record",
   "stats_filter": "{\"name\":[\"is\",\"set\"]}",
   "type": "DocType"
  },
  {
   "color": "Green",
   "doc_view": "List",
   "format": "{}",
   "label": "All Rescues",
   "link_to": "Rescue",
   "stats_filter": "{\"name\":[\"is\",\"set\"]}",
   "type": "DocType"
  },
  {
   "color": "Green",
   "doc_view": "List",
   "label": "Awareness Camps",
   "link_to": "Awareness Camp Record",
   "type": "DocType"
  },
  {
   "color": "Yellow",
   "doc_view": "New",
   "label": "Create Exit Record",
   "link_to": "Shelter Home Exit Record",
   "type": "DocType"
  },
  {
   "color": "Grey",
   "doc_view": "New",
   "label": "New Distribution",
   "link_to": "Food Distribution Record",
   "type": "DocType"
  },
  {
   "color": "Yellow",
   "doc_view": "List",
   "format": "{} Open",
   "label": "Open Cases",
   "link_to": "Case",
   "stats_filter": "{\"docstatus\":[\"=\",\"0\"]}",
   "type": "DocType"
  },
  {
   "color": "Green",
   "doc_view": "List",
   "label": "Health Camps",
   "link_to": "Health Camp Record",
   "type": "DocType"
  }
 ],
 "title": "Changemakers"
}