{
 "actions": [],
 "autoname": "autoincrement",
 "creation": "2022-10-13 12:40:48.391178",
 "doctype": "DocType",
 "editable_grid": 1,
 "engine": "InnoDB",
 "field_order": [
  "entitlement_type",
  "column_break_zgne",
  "number"
 ],
 "fields": [
  {
   "allow_in_quick_entry": 1,
   "fieldname": "entitlement_type",
   "fieldtype": "Link",
   "in_list_view": 1,
   "in_preview": 1,
   "in_standard_filter": 1,
   "label": "Entitlement Type",
   "options": "Entitlement Type"
  },
  {
   "fieldname": "number",
   "fieldtype": "Int",
   "in_list_view": 1,
   "in_preview": 1,
   "label": "Number",
   "non_negative": 1
  },
  {
   "fieldname": "column_break_zgne",
   "fieldtype": "Column Break"
  }
 ],
 "index_web_pages_for_search": 1,
 "istable": 1,
 "links": [],
 "modified": "2022-12-21 07:19:33.464049",
 "modified_by": "Administrator",
 "module": "Frappe Changemakers",
 "name": "Identity Proof Type",
 "naming_rule": "Autoincrement",
 "owner": "Administrator",
 "permissions": [],
 "quick_entry": 1,
 "sort_field": "modified",
 "sort_order": "DESC",
 "states": []
}