{
 "aggregate_function_based_on": "",
 "color": "#29CD42",
 "creation": "2023-06-08 19:25:02.833782",
 "docstatus": 0,
 "doctype": "Number Card",
 "document_type": "Rescue",
 "dynamic_filters_json": "[]",
 "filters_json": "[]",
 "function": "Count",
 "idx": 0,
 "is_public": 1,
 "is_standard": 1,
 "label": "Total Rescues",
 "modified": "2023-06-08 19:25:02.833782",
 "modified_by": "hussain@frappe.io",
 "module": "Frappe Changemakers",
 "name": "Total Rescues",
 "owner": "hussain@frappe.io",
 "parent_document_type": "",
 "report_function": "Sum",
 "show_percentage_stats": 1,
 "stats_time_interval": "Monthly",
 "type": "Document Type"
}