{
 "actions": [],
 "allow_rename": 1,
 "creation": "2023-07-12 12:16:08.744820",
 "doctype": "DocType",
 "editable_grid": 1,
 "engine": "InnoDB",
 "field_order": [
  "language"
 ],
 "fields": [
  {
   "fieldname": "language",
   "fieldtype": "Link",
   "in_filter": 1,
   "in_list_view": 1,
   "in_preview": 1,
   "in_standard_filter": 1,
   "label": "Language",
   "options": "Languages Known",
   "reqd": 1
  }
 ],
 "index_web_pages_for_search": 1,
 "istable": 1,
 "links": [],
 "modified": "2023-07-13 00:33:06.838655",
 "modified_by": "Administrator",
 "module": "Frappe Changemakers",
 "name": "Language Multiselect",
 "owner": "Administrator",
 "permissions": [],
 "sort_field": "modified",
 "sort_order": "DESC",
 "states": []
}