{
 "actions": [],
 "autoname": "autoincrement",
 "creation": "2022-10-20 22:14:01.368713",
 "doctype": "DocType",
 "editable_grid": 1,
 "engine": "InnoDB",
 "field_order": [
  "number_of_packets",
  "drop_off_time",
  "column_break_3",
  "drop_off_location",
  "drop_off_geolocation"
 ],
 "fields": [
  {
   "default": "0",
   "fieldname": "number_of_packets",
   "fieldtype": "Int",
   "in_list_view": 1,
   "label": "Number Of Packets"
  },
  {
   "fieldname": "drop_off_time",
   "fieldtype": "Time",
   "in_list_view": 1,
   "label": "Drop Off Time"
  },
  {
   "fieldname": "column_break_3",
   "fieldtype": "Column Break"
  },
  {
   "fieldname": "drop_off_location",
   "fieldtype": "Data",
   "in_list_view": 1,
   "label": "Drop Off Location"
  },
  {
   "fieldname": "drop_off_geolocation",
   "fieldtype": "Geolocation",
   "label": "Drop Off GeoLocation"
  }
 ],
 "index_web_pages_for_search": 1,
 "istable": 1,
 "links": [],
 "modified": "2023-02-20 14:12:25.154799",
 "modified_by": "Administrator",
 "module": "Frappe Changemakers",
 "name": "Food Drop Off Detail",
 "naming_rule": "Autoincrement",
 "owner": "Administrator",
 "permissions": [],
 "sort_field": "modified",
 "sort_order": "DESC",
 "states": []
}