[
 {
  "bulk_actions": 1,
  "dashboard": 1,
  "desk_access": 1,
  "disabled": 0,
  "docstatus": 0,
  "doctype": "Role",
  "form_sidebar": 1,
  "home_page": null,
  "is_custom": 0,
  "list_sidebar": 1,
  "modified": "2022-12-21 08:30:41.084924",
  "name": "Social Worker",
  "notifications": 1,
  "restrict_to_domain": null,
  "role_name": "Social Worker",
  "search_bar": 1,
  "timeline": 1,
  "two_factor_auth": 0,
  "view_switcher": 1
 },
 {
  "bulk_actions": 1,
  "dashboard": 1,
  "desk_access": 1,
  "disabled": 0,
  "docstatus": 0,
  "doctype": "Role",
  "form_sidebar": 1,
  "home_page": null,
  "is_custom": 0,
  "list_sidebar": 1,
  "modified": "2022-12-21 08:30:41.164010",
  "name": "Shelter Team Member",
  "notifications": 1,
  "restrict_to_domain": null,
  "role_name": "Shelter Team Member",
  "search_bar": 1,
  "timeline": 1,
  "two_factor_auth": 0,
  "view_switcher": 1
 },
 {
  "bulk_actions": 1,
  "dashboard": 1,
  "desk_access": 1,
  "disabled": 0,
  "docstatus": 0,
  "doctype": "Role",
  "form_sidebar": 1,
  "home_page": null,
  "is_custom": 0,
  "list_sidebar": 1,
  "modified": "2022-12-21 08:30:41.165968",
  "name": "Healthcare Team Member",
  "notifications": 1,
  "restrict_to_domain": null,
  "role_name": "Healthcare Team Member",
  "search_bar": 1,
  "timeline": 1,
  "two_factor_auth": 0,
  "view_switcher": 1
 },
 {
  "bulk_actions": 1,
  "dashboard": 1,
  "desk_access": 1,
  "disabled": 0,
  "docstatus": 0,
  "doctype": "Role",
  "form_sidebar": 1,
  "home_page": null,
  "is_custom": 0,
  "list_sidebar": 1,
  "modified": "2022-12-21 08:30:41.167827",
  "name": "Food Team Member",
  "notifications": 1,
  "restrict_to_domain": null,
  "role_name": "Food Team Member",
  "search_bar": 1,
  "timeline": 1,
  "two_factor_auth": 0,
  "view_switcher": 1
 },
 {
  "bulk_actions": 1,
  "dashboard": 1,
  "desk_access": 1,
  "disabled": 0,
  "docstatus": 0,
  "doctype": "Role",
  "form_sidebar": 1,
  "home_page": null,
  "is_custom": 0,
  "list_sidebar": 1,
  "modified": "2022-12-21 08:30:41.169760",
  "name": "SMT(NGO)-Field Co-ordinator",
  "notifications": 1,
  "restrict_to_domain": null,
  "role_name": "SMT(NGO)-Field Co-ordinator",
  "search_bar": 1,
  "timeline": 1,
  "two_factor_auth": 0,
  "view_switcher": 1
 },
 {
  "bulk_actions": 1,
  "dashboard": 1,
  "desk_access": 1,
  "disabled": 0,
  "docstatus": 0,
  "doctype": "Role",
  "form_sidebar": 1,
  "home_page": null,
  "is_custom": 0,
  "list_sidebar": 1,
  "modified": "2022-12-21 08:30:41.172181",
  "name": "Medical Co-ordinator",
  "notifications": 1,
  "restrict_to_domain": null,
  "role_name": "Medical Co-ordinator",
  "search_bar": 1,
  "timeline": 1,
  "two_factor_auth": 0,
  "view_switcher": 1
 },
 {
  "bulk_actions": 1,
  "dashboard": 1,
  "desk_access": 1,
  "disabled": 0,
  "docstatus": 0,
  "doctype": "Role",
  "form_sidebar": 1,
  "home_page": null,
  "is_custom": 0,
  "list_sidebar": 1,
  "modified": "2022-12-21 08:30:41.174052",
  "name": "Program Manager",
  "notifications": 1,
  "restrict_to_domain": null,
  "role_name": "Program Manager",
  "search_bar": 1,
  "timeline": 1,
  "two_factor_auth": 0,
  "view_switcher": 1
 },
 {
  "bulk_actions": 1,
  "dashboard": 1,
  "desk_access": 1,
  "disabled": 0,
  "docstatus": 0,
  "doctype": "Role",
  "form_sidebar": 1,
  "home_page": null,
  "is_custom": 0,
  "list_sidebar": 1,
  "modified": "2022-12-21 08:30:41.175935",
  "name": "Partner SMT",
  "notifications": 1,
  "restrict_to_domain": null,
  "role_name": "Partner SMT",
  "search_bar": 1,
  "timeline": 1,
  "two_factor_auth": 0,
  "view_switcher": 1
 },
 {
  "bulk_actions": 1,
  "dashboard": 1,
  "desk_access": 1,
  "disabled": 0,
  "docstatus": 0,
  "doctype": "Role",
  "form_sidebar": 1,
  "home_page": null,
  "is_custom": 0,
  "list_sidebar": 1,
  "modified": "2022-12-21 08:30:41.177830",
  "name": "Data MIS/Documentation (Admin)",
  "notifications": 1,
  "restrict_to_domain": null,
  "role_name": "Data MIS/Documentation (Admin)",
  "search_bar": 1,
  "timeline": 1,
  "two_factor_auth": 0,
  "view_switcher": 1
 }
]